-- phpMyAdmin SQL Dump
-- version 5.0.2
-- https://www.phpmyadmin.net/
--
-- Host: 127.0.0.1:3307
-- Generation Time: Sep 17, 2021 at 11:39 AM
-- Server version: 10.4.13-MariaDB
-- PHP Version: 7.3.21

SET SQL_MODE = "NO_AUTO_VALUE_ON_ZERO";
START TRANSACTION;
SET time_zone = "+00:00";


/*!40101 SET @OLD_CHARACTER_SET_CLIENT=@@CHARACTER_SET_CLIENT */;
/*!40101 SET @OLD_CHARACTER_SET_RESULTS=@@CHARACTER_SET_RESULTS */;
/*!40101 SET @OLD_COLLATION_CONNECTION=@@COLLATION_CONNECTION */;
/*!40101 SET NAMES utf8mb4 */;

--
-- Database: `clothes`
--

-- --------------------------------------------------------

--
-- Table structure for table `customer`
--

DROP TABLE IF EXISTS `customer`;
CREATE TABLE IF NOT EXISTS `customer` (
  `CustomerID` int(11) NOT NULL AUTO_INCREMENT,
  `username` varchar(30) NOT NULL,
  `email` varchar(30) NOT NULL,
  `phone` int(11) NOT NULL,
  `postcode` int(4) NOT NULL,
  `password` varchar(32) NOT NULL,
  `usertype` varchar(10) NOT NULL,
  PRIMARY KEY (`CustomerID`)
) ENGINE=InnoDB AUTO_INCREMENT=68 DEFAULT CHARSET=utf8;

--
-- Dumping data for table `customer`
--

INSERT INTO `customer` (`CustomerID`, `username`, `email`, `phone`, `postcode`, `password`, `usertype`) VALUES
(62, 'user', 'username@username', 1111111111, 1010, '5f4dcc3b5aa765d61d8327deb882cf99', 'user'),
(63, 'userna', 'username@username2', 1012, 10102, '6cb75f652a9b52798eb6cf2201057c73', 'user'),
(64, 'usernaaa', 'username@username2', 1012, 10102, '6cb75f652a9b52798eb6cf2201057c73', 'user'),
(65, 'userrrrrrrrrr', 'username@username', 1111111111, 1010, '5f4dcc3b5aa765d61d8327deb882cf99', 'user'),
(66, 'user', 'username@username', 1111111111, 1010, '5f4dcc3b5aa765d61d8327deb882cf99', 'user'),
(67, 'username', 'username@username', 1111111111, 1010, '5f4dcc3b5aa765d61d8327deb882cf99', 'user');

-- --------------------------------------------------------

--
-- Table structure for table `logtable`
--

DROP TABLE IF EXISTS `logtable`;
CREATE TABLE IF NOT EXISTS `logtable` (
  `logID` int(11) NOT NULL AUTO_INCREMENT,
  `CustomerID` int(11) NOT NULL,
  `ip_addr` varchar(1000) NOT NULL,
  `actionTime` timestamp NOT NULL DEFAULT current_timestamp(),
  `action` varchar(50) NOT NULL,
  `usertype` varchar(10) NOT NULL,
  `PHPSESSID` varchar(32) NOT NULL,
  PRIMARY KEY (`logID`),
  KEY `CustomerID` (`CustomerID`)
) ENGINE=InnoDB AUTO_INCREMENT=1426 DEFAULT CHARSET=utf8;

--
-- Dumping data for table `logtable`
--

INSERT INTO `logtable` (`logID`, `CustomerID`, `ip_addr`, `actionTime`, `action`, `usertype`, `PHPSESSID`) VALUES
(1050, 64, '127.0.0.1', '2021-09-13 03:29:22', 'complete order', 'user', 'katl5r4n6nseq54shfemcbp7f1'),
(1051, 64, '127.0.0.1', '2021-09-13 03:29:22', 'update', 'user', 'katl5r4n6nseq54shfemcbp7f1'),
(1052, 64, '127.0.0.1', '2021-09-13 03:29:26', 'logout', 'user', 'katl5r4n6nseq54shfemcbp7f1'),
(1058, 64, '127.0.0.1', '2021-09-13 03:29:35', 'login', 'user', 'katl5r4n6nseq54shfemcbp7f1'),
(1059, 64, '127.0.0.1', '2021-09-13 03:29:35', 'start order', 'user', 'katl5r4n6nseq54shfemcbp7f1'),
(1060, 64, '127.0.0.1', '2021-09-13 03:29:36', 'logout', 'user', 'katl5r4n6nseq54shfemcbp7f1'),
(1065, 64, '127.0.0.1', '2021-09-13 03:31:24', 'login', 'user', 'katl5r4n6nseq54shfemcbp7f1'),
(1066, 64, '127.0.0.1', '2021-09-13 03:31:24', 'start order', 'user', 'katl5r4n6nseq54shfemcbp7f1'),
(1067, 64, '127.0.0.1', '2021-09-13 03:31:26', 'logout', 'user', 'katl5r4n6nseq54shfemcbp7f1'),
(1069, 64, '127.0.0.1', '2021-09-13 03:33:44', 'login', 'user', 'katl5r4n6nseq54shfemcbp7f1'),
(1070, 64, '127.0.0.1', '2021-09-13 03:33:44', 'start order', 'user', 'katl5r4n6nseq54shfemcbp7f1'),
(1071, 64, '127.0.0.1', '2021-09-13 03:33:45', 'order clothes', 'user', 'katl5r4n6nseq54shfemcbp7f1'),
(1072, 64, '127.0.0.1', '2021-09-13 03:33:46', 'order clothes', 'user', 'katl5r4n6nseq54shfemcbp7f1'),
(1073, 64, '127.0.0.1', '2021-09-13 03:34:38', 'login', 'user', 'katl5r4n6nseq54shfemcbp7f1'),
(1074, 64, '127.0.0.1', '2021-09-13 03:34:38', 'start order', 'user', 'katl5r4n6nseq54shfemcbp7f1'),
(1075, 64, '127.0.0.1', '2021-09-13 03:34:42', 'order clothes', 'user', 'katl5r4n6nseq54shfemcbp7f1'),
(1076, 64, '127.0.0.1', '2021-09-13 03:34:42', 'order clothes', 'user', 'katl5r4n6nseq54shfemcbp7f1'),
(1077, 64, '127.0.0.1', '2021-09-13 03:34:43', 'order clothes', 'user', 'katl5r4n6nseq54shfemcbp7f1'),
(1078, 64, '127.0.0.1', '2021-09-13 03:34:43', 'order clothes', 'user', 'katl5r4n6nseq54shfemcbp7f1'),
(1079, 64, '127.0.0.1', '2021-09-13 03:35:52', 'login', 'user', 'katl5r4n6nseq54shfemcbp7f1'),
(1080, 64, '127.0.0.1', '2021-09-13 03:35:52', 'start order', 'user', 'katl5r4n6nseq54shfemcbp7f1'),
(1081, 64, '127.0.0.1', '2021-09-13 03:35:53', 'order clothes', 'user', 'katl5r4n6nseq54shfemcbp7f1'),
(1082, 64, '127.0.0.1', '2021-09-13 03:35:53', 'order clothes', 'user', 'katl5r4n6nseq54shfemcbp7f1'),
(1083, 64, '127.0.0.1', '2021-09-13 03:35:53', 'order clothes', 'user', 'katl5r4n6nseq54shfemcbp7f1'),
(1084, 64, '127.0.0.1', '2021-09-13 03:35:54', 'order clothes', 'user', 'katl5r4n6nseq54shfemcbp7f1'),
(1085, 64, '127.0.0.1', '2021-09-13 03:36:37', 'update', 'user', 'katl5r4n6nseq54shfemcbp7f1'),
(1086, 64, '127.0.0.1', '2021-09-13 03:36:37', 'complete order', 'user', 'katl5r4n6nseq54shfemcbp7f1'),
(1087, 64, '127.0.0.1', '2021-09-13 03:41:53', 'login', 'user', 'katl5r4n6nseq54shfemcbp7f1'),
(1088, 64, '127.0.0.1', '2021-09-13 03:41:53', 'start order', 'user', 'katl5r4n6nseq54shfemcbp7f1'),
(1089, 64, '127.0.0.1', '2021-09-13 03:41:54', 'order clothes', 'user', 'katl5r4n6nseq54shfemcbp7f1'),
(1090, 64, '127.0.0.1', '2021-09-13 03:41:57', 'complete order', 'user', 'katl5r4n6nseq54shfemcbp7f1'),
(1091, 64, '127.0.0.1', '2021-09-13 03:41:57', 'update', 'user', 'katl5r4n6nseq54shfemcbp7f1'),
(1092, 64, '127.0.0.1', '2021-09-13 03:46:50', 'login', 'user', 'katl5r4n6nseq54shfemcbp7f1'),
(1093, 64, '127.0.0.1', '2021-09-13 03:46:50', 'start order', 'user', 'katl5r4n6nseq54shfemcbp7f1'),
(1094, 64, '127.0.0.1', '2021-09-13 04:06:17', 'login', 'user', 'katl5r4n6nseq54shfemcbp7f1'),
(1095, 64, '127.0.0.1', '2021-09-13 04:06:17', 'start order', 'user', 'katl5r4n6nseq54shfemcbp7f1'),
(1096, 64, '127.0.0.1', '2021-09-13 04:06:37', 'login', 'user', 'katl5r4n6nseq54shfemcbp7f1'),
(1097, 64, '127.0.0.1', '2021-09-13 04:06:37', 'start order', 'user', 'katl5r4n6nseq54shfemcbp7f1'),
(1098, 64, '127.0.0.1', '2021-09-13 04:19:51', 'login', 'user', 'katl5r4n6nseq54shfemcbp7f1'),
(1099, 64, '127.0.0.1', '2021-09-13 04:19:51', 'start order', 'user', 'katl5r4n6nseq54shfemcbp7f1'),
(1100, 64, '127.0.0.1', '2021-09-13 05:24:19', 'login', 'user', 'tdshd6jhdfsn5jvngonimvn3j0'),
(1101, 64, '127.0.0.1', '2021-09-13 05:24:19', 'start order', 'user', 'tdshd6jhdfsn5jvngonimvn3j0'),
(1102, 64, '::1', '2021-09-14 00:56:58', 'login', 'user', 'jkhbqppe7pqhsomsd7ftanqqbr'),
(1103, 64, '::1', '2021-09-14 00:56:58', 'start order', 'user', 'jkhbqppe7pqhsomsd7ftanqqbr'),
(1104, 64, '::1', '2021-09-14 02:25:49', 'login', 'user', 'vnu3gvju2uma2vc9vchu0qf02q'),
(1105, 64, '::1', '2021-09-14 02:25:49', 'start order', 'user', 'vnu3gvju2uma2vc9vchu0qf02q'),
(1106, 64, '::1', '2021-09-14 03:08:06', 'logout', 'user', 'vnu3gvju2uma2vc9vchu0qf02q'),
(1107, 64, '::1', '2021-09-14 03:13:34', 'login', 'user', 'vnu3gvju2uma2vc9vchu0qf02q'),
(1108, 64, '::1', '2021-09-14 03:13:34', 'start order', 'user', 'vnu3gvju2uma2vc9vchu0qf02q'),
(1109, 64, '::1', '2021-09-14 03:14:14', 'login', 'user', 'vnu3gvju2uma2vc9vchu0qf02q'),
(1110, 64, '::1', '2021-09-14 03:14:14', 'start order', 'user', 'vnu3gvju2uma2vc9vchu0qf02q'),
(1111, 64, '127.0.0.1', '2021-09-14 03:14:29', 'login', 'user', '3p706ajsgcpmgshrev499b1gav'),
(1112, 64, '127.0.0.1', '2021-09-14 03:14:30', 'start order', 'user', '3p706ajsgcpmgshrev499b1gav'),
(1113, 64, '127.0.0.1', '2021-09-14 03:14:32', 'order clothes', 'user', '3p706ajsgcpmgshrev499b1gav'),
(1114, 64, '127.0.0.1', '2021-09-14 03:14:39', 'order clothes', 'user', '3p706ajsgcpmgshrev499b1gav'),
(1115, 64, '127.0.0.1', '2021-09-14 03:14:45', 'order clothes', 'user', '3p706ajsgcpmgshrev499b1gav'),
(1116, 64, '127.0.0.1', '2021-09-14 03:23:39', 'login', 'user', '3p706ajsgcpmgshrev499b1gav'),
(1117, 64, '127.0.0.1', '2021-09-14 03:23:39', 'start order', 'user', '3p706ajsgcpmgshrev499b1gav'),
(1118, 64, '127.0.0.1', '2021-09-14 03:25:09', 'logout', 'user', '3p706ajsgcpmgshrev499b1gav'),
(1119, 64, '127.0.0.1', '2021-09-14 05:03:48', 'login', 'user', 'k6hs6624hvjj5tk1ml6b85555b'),
(1120, 64, '127.0.0.1', '2021-09-14 05:03:48', 'start order', 'user', 'k6hs6624hvjj5tk1ml6b85555b'),
(1121, 64, '127.0.0.1', '2021-09-14 05:03:52', 'logout', 'user', 'k6hs6624hvjj5tk1ml6b85555b'),
(1123, 64, '127.0.0.1', '2021-09-14 05:09:53', 'login', 'user', 'k6hs6624hvjj5tk1ml6b85555b'),
(1124, 64, '127.0.0.1', '2021-09-14 05:09:53', 'start order', 'user', 'k6hs6624hvjj5tk1ml6b85555b'),
(1125, 64, '127.0.0.1', '2021-09-14 05:09:55', 'logout', 'user', 'k6hs6624hvjj5tk1ml6b85555b'),
(1126, 64, '127.0.0.1', '2021-09-14 05:10:01', 'login', 'user', 'k6hs6624hvjj5tk1ml6b85555b'),
(1127, 64, '127.0.0.1', '2021-09-14 05:10:01', 'start order', 'user', 'k6hs6624hvjj5tk1ml6b85555b'),
(1128, 64, '127.0.0.1', '2021-09-14 05:10:03', 'logout', 'user', 'k6hs6624hvjj5tk1ml6b85555b'),
(1129, 64, '127.0.0.1', '2021-09-14 05:13:29', 'login', 'user', 'k6hs6624hvjj5tk1ml6b85555b'),
(1130, 64, '127.0.0.1', '2021-09-14 05:13:29', 'start order', 'user', 'k6hs6624hvjj5tk1ml6b85555b'),
(1131, 64, '127.0.0.1', '2021-09-14 05:20:12', 'logout', 'user', 'k6hs6624hvjj5tk1ml6b85555b'),
(1132, 64, '::1', '2021-09-14 09:47:21', 'login', 'user', '1tt13fa61nt5td5ejcnep1tlkd'),
(1133, 64, '::1', '2021-09-14 09:47:21', 'start order', 'user', '1tt13fa61nt5td5ejcnep1tlkd'),
(1134, 64, '::1', '2021-09-14 10:20:41', 'login', 'user', '1tt13fa61nt5td5ejcnep1tlkd'),
(1135, 64, '::1', '2021-09-14 10:20:41', 'start order', 'user', '1tt13fa61nt5td5ejcnep1tlkd'),
(1136, 64, '::1', '2021-09-14 10:35:14', 'login', 'user', '1tt13fa61nt5td5ejcnep1tlkd'),
(1137, 64, '::1', '2021-09-14 10:35:14', 'start order', 'user', '1tt13fa61nt5td5ejcnep1tlkd'),
(1138, 64, '::1', '2021-09-14 10:38:43', 'login', 'user', '1tt13fa61nt5td5ejcnep1tlkd'),
(1139, 64, '::1', '2021-09-14 10:38:43', 'start order', 'user', '1tt13fa61nt5td5ejcnep1tlkd'),
(1140, 64, '127.0.0.1', '2021-09-14 10:39:33', 'login', 'user', 'hr0andk490gvp5emhn9jagifhl'),
(1141, 64, '127.0.0.1', '2021-09-14 10:39:33', 'start order', 'user', 'hr0andk490gvp5emhn9jagifhl'),
(1142, 64, '::1', '2021-09-14 10:39:39', 'login', 'user', '1tt13fa61nt5td5ejcnep1tlkd'),
(1143, 64, '::1', '2021-09-14 10:39:39', 'start order', 'user', '1tt13fa61nt5td5ejcnep1tlkd'),
(1144, 64, '127.0.0.1', '2021-09-14 10:47:19', 'login', 'user', 'hr0andk490gvp5emhn9jagifhl'),
(1145, 64, '127.0.0.1', '2021-09-14 10:47:19', 'start order', 'user', 'hr0andk490gvp5emhn9jagifhl'),
(1146, 64, '127.0.0.1', '2021-09-14 10:48:30', 'login', 'user', 'hr0andk490gvp5emhn9jagifhl'),
(1147, 64, '127.0.0.1', '2021-09-14 10:48:31', 'start order', 'user', 'hr0andk490gvp5emhn9jagifhl'),
(1148, 64, '127.0.0.1', '2021-09-14 10:48:32', 'order clothes', 'user', 'hr0andk490gvp5emhn9jagifhl'),
(1149, 64, '127.0.0.1', '2021-09-14 10:48:35', 'order clothes', 'user', 'hr0andk490gvp5emhn9jagifhl'),
(1150, 64, '127.0.0.1', '2021-09-14 10:49:15', 'login', 'user', 'hr0andk490gvp5emhn9jagifhl'),
(1151, 64, '127.0.0.1', '2021-09-14 10:49:15', 'start order', 'user', 'hr0andk490gvp5emhn9jagifhl'),
(1152, 64, '127.0.0.1', '2021-09-14 10:49:17', 'order clothes', 'user', 'hr0andk490gvp5emhn9jagifhl'),
(1153, 64, '::1', '2021-09-14 10:49:25', 'login', 'user', '1tt13fa61nt5td5ejcnep1tlkd'),
(1154, 64, '::1', '2021-09-14 10:49:25', 'start order', 'user', '1tt13fa61nt5td5ejcnep1tlkd'),
(1155, 64, '::1', '2021-09-14 10:49:26', 'order clothes', 'user', '1tt13fa61nt5td5ejcnep1tlkd'),
(1156, 64, '::1', '2021-09-14 10:49:28', 'order clothes', 'user', '1tt13fa61nt5td5ejcnep1tlkd'),
(1157, 64, '::1', '2021-09-14 10:49:28', 'order clothes', 'user', '1tt13fa61nt5td5ejcnep1tlkd'),
(1158, 64, '::1', '2021-09-14 10:49:28', 'order clothes', 'user', '1tt13fa61nt5td5ejcnep1tlkd'),
(1159, 64, '127.0.0.1', '2021-09-14 10:51:05', 'login', 'user', 'hr0andk490gvp5emhn9jagifhl'),
(1160, 64, '127.0.0.1', '2021-09-14 10:51:05', 'start order', 'user', 'hr0andk490gvp5emhn9jagifhl'),
(1161, 64, '127.0.0.1', '2021-09-14 10:51:09', 'order clothes', 'user', 'hr0andk490gvp5emhn9jagifhl'),
(1162, 64, '127.0.0.1', '2021-09-14 10:52:16', 'login', 'user', 'hr0andk490gvp5emhn9jagifhl'),
(1163, 64, '127.0.0.1', '2021-09-14 10:52:16', 'start order', 'user', 'hr0andk490gvp5emhn9jagifhl'),
(1164, 64, '127.0.0.1', '2021-09-14 10:52:18', 'order clothes', 'user', 'hr0andk490gvp5emhn9jagifhl'),
(1165, 64, '127.0.0.1', '2021-09-14 10:52:42', 'login', 'user', 'hr0andk490gvp5emhn9jagifhl'),
(1166, 64, '127.0.0.1', '2021-09-14 10:52:43', 'start order', 'user', 'hr0andk490gvp5emhn9jagifhl'),
(1167, 64, '127.0.0.1', '2021-09-14 10:53:13', 'login', 'user', 'hr0andk490gvp5emhn9jagifhl'),
(1168, 64, '127.0.0.1', '2021-09-14 10:53:13', 'start order', 'user', 'hr0andk490gvp5emhn9jagifhl'),
(1169, 64, '127.0.0.1', '2021-09-14 10:53:15', 'order clothes', 'user', 'hr0andk490gvp5emhn9jagifhl'),
(1170, 64, '127.0.0.1', '2021-09-14 10:53:19', 'order clothes', 'user', 'hr0andk490gvp5emhn9jagifhl'),
(1171, 64, '127.0.0.1', '2021-09-14 10:53:20', 'order clothes', 'user', 'hr0andk490gvp5emhn9jagifhl'),
(1172, 64, '127.0.0.1', '2021-09-14 10:53:21', 'order clothes', 'user', 'hr0andk490gvp5emhn9jagifhl'),
(1173, 64, '127.0.0.1', '2021-09-14 10:53:21', 'order clothes', 'user', 'hr0andk490gvp5emhn9jagifhl'),
(1174, 64, '127.0.0.1', '2021-09-14 10:55:26', 'login', 'user', 'hr0andk490gvp5emhn9jagifhl'),
(1175, 64, '127.0.0.1', '2021-09-14 10:55:26', 'start order', 'user', 'hr0andk490gvp5emhn9jagifhl'),
(1176, 64, '127.0.0.1', '2021-09-14 10:55:27', 'order clothes', 'user', 'hr0andk490gvp5emhn9jagifhl'),
(1177, 64, '127.0.0.1', '2021-09-14 10:55:31', 'order clothes', 'user', 'hr0andk490gvp5emhn9jagifhl'),
(1178, 64, '127.0.0.1', '2021-09-14 10:55:34', 'order clothes', 'user', 'hr0andk490gvp5emhn9jagifhl'),
(1179, 64, '127.0.0.1', '2021-09-14 10:55:36', 'order clothes', 'user', 'hr0andk490gvp5emhn9jagifhl'),
(1180, 64, '127.0.0.1', '2021-09-14 10:55:36', 'order clothes', 'user', 'hr0andk490gvp5emhn9jagifhl'),
(1181, 64, '127.0.0.1', '2021-09-14 10:55:36', 'order clothes', 'user', 'hr0andk490gvp5emhn9jagifhl'),
(1182, 64, '127.0.0.1', '2021-09-14 10:55:36', 'order clothes', 'user', 'hr0andk490gvp5emhn9jagifhl'),
(1183, 64, '127.0.0.1', '2021-09-14 10:55:36', 'order clothes', 'user', 'hr0andk490gvp5emhn9jagifhl'),
(1184, 64, '127.0.0.1', '2021-09-14 10:56:20', 'order clothes', 'user', 'hr0andk490gvp5emhn9jagifhl'),
(1185, 64, '127.0.0.1', '2021-09-14 10:56:24', 'login', 'user', 'hr0andk490gvp5emhn9jagifhl'),
(1186, 64, '127.0.0.1', '2021-09-14 10:56:24', 'start order', 'user', 'hr0andk490gvp5emhn9jagifhl'),
(1187, 64, '127.0.0.1', '2021-09-14 10:56:55', 'login', 'user', 'hr0andk490gvp5emhn9jagifhl'),
(1188, 64, '127.0.0.1', '2021-09-14 10:56:55', 'start order', 'user', 'hr0andk490gvp5emhn9jagifhl'),
(1189, 64, '127.0.0.1', '2021-09-14 10:56:56', 'order clothes', 'user', 'hr0andk490gvp5emhn9jagifhl'),
(1190, 64, '127.0.0.1', '2021-09-14 11:03:12', 'login', 'user', 'hr0andk490gvp5emhn9jagifhl'),
(1191, 64, '127.0.0.1', '2021-09-14 11:03:12', 'start order', 'user', 'hr0andk490gvp5emhn9jagifhl'),
(1192, 64, '127.0.0.1', '2021-09-14 11:03:13', 'order clothes', 'user', 'hr0andk490gvp5emhn9jagifhl'),
(1193, 64, '127.0.0.1', '2021-09-14 11:03:16', 'order clothes', 'user', 'hr0andk490gvp5emhn9jagifhl'),
(1194, 64, '127.0.0.1', '2021-09-14 11:03:18', 'order clothes', 'user', 'hr0andk490gvp5emhn9jagifhl'),
(1195, 64, '127.0.0.1', '2021-09-14 11:05:33', 'login', 'user', 'hr0andk490gvp5emhn9jagifhl'),
(1196, 64, '127.0.0.1', '2021-09-14 11:05:33', 'start order', 'user', 'hr0andk490gvp5emhn9jagifhl'),
(1197, 64, '127.0.0.1', '2021-09-14 11:05:34', 'order clothes', 'user', 'hr0andk490gvp5emhn9jagifhl'),
(1198, 64, '127.0.0.1', '2021-09-14 11:05:37', 'order clothes', 'user', 'hr0andk490gvp5emhn9jagifhl'),
(1199, 64, '127.0.0.1', '2021-09-14 11:05:40', 'order clothes', 'user', 'hr0andk490gvp5emhn9jagifhl'),
(1200, 64, '127.0.0.1', '2021-09-14 11:05:41', 'order clothes', 'user', 'hr0andk490gvp5emhn9jagifhl'),
(1201, 64, '127.0.0.1', '2021-09-14 11:05:41', 'order clothes', 'user', 'hr0andk490gvp5emhn9jagifhl'),
(1202, 64, '127.0.0.1', '2021-09-14 11:05:41', 'order clothes', 'user', 'hr0andk490gvp5emhn9jagifhl'),
(1203, 64, '127.0.0.1', '2021-09-14 11:05:41', 'order clothes', 'user', 'hr0andk490gvp5emhn9jagifhl'),
(1204, 64, '127.0.0.1', '2021-09-14 11:06:12', 'login', 'user', 'hr0andk490gvp5emhn9jagifhl'),
(1205, 64, '127.0.0.1', '2021-09-14 11:06:12', 'start order', 'user', 'hr0andk490gvp5emhn9jagifhl'),
(1206, 64, '127.0.0.1', '2021-09-14 11:06:13', 'order clothes', 'user', 'hr0andk490gvp5emhn9jagifhl'),
(1207, 64, '127.0.0.1', '2021-09-14 11:06:18', 'order clothes', 'user', 'hr0andk490gvp5emhn9jagifhl'),
(1208, 64, '127.0.0.1', '2021-09-14 11:09:04', 'login', 'user', 'hr0andk490gvp5emhn9jagifhl'),
(1209, 64, '127.0.0.1', '2021-09-14 11:09:04', 'start order', 'user', 'hr0andk490gvp5emhn9jagifhl'),
(1210, 64, '127.0.0.1', '2021-09-14 11:09:05', 'order clothes', 'user', 'hr0andk490gvp5emhn9jagifhl'),
(1211, 64, '127.0.0.1', '2021-09-14 11:09:11', 'order clothes', 'user', 'hr0andk490gvp5emhn9jagifhl'),
(1212, 64, '127.0.0.1', '2021-09-14 11:11:55', 'login', 'user', 'hr0andk490gvp5emhn9jagifhl'),
(1213, 64, '127.0.0.1', '2021-09-14 11:11:55', 'start order', 'user', 'hr0andk490gvp5emhn9jagifhl'),
(1214, 64, '127.0.0.1', '2021-09-14 11:11:56', 'order clothes', 'user', 'hr0andk490gvp5emhn9jagifhl'),
(1215, 64, '127.0.0.1', '2021-09-14 11:11:59', 'order clothes', 'user', 'hr0andk490gvp5emhn9jagifhl'),
(1216, 64, '127.0.0.1', '2021-09-14 11:12:01', 'order clothes', 'user', 'hr0andk490gvp5emhn9jagifhl'),
(1217, 64, '127.0.0.1', '2021-09-14 11:12:01', 'order clothes', 'user', 'hr0andk490gvp5emhn9jagifhl'),
(1218, 64, '127.0.0.1', '2021-09-14 11:12:01', 'order clothes', 'user', 'hr0andk490gvp5emhn9jagifhl'),
(1219, 64, '127.0.0.1', '2021-09-14 11:12:01', 'order clothes', 'user', 'hr0andk490gvp5emhn9jagifhl'),
(1220, 64, '127.0.0.1', '2021-09-14 11:12:02', 'order clothes', 'user', 'hr0andk490gvp5emhn9jagifhl'),
(1221, 64, '127.0.0.1', '2021-09-14 11:12:02', 'order clothes', 'user', 'hr0andk490gvp5emhn9jagifhl'),
(1222, 64, '127.0.0.1', '2021-09-14 11:12:03', 'order clothes', 'user', 'hr0andk490gvp5emhn9jagifhl'),
(1223, 64, '127.0.0.1', '2021-09-14 11:12:51', 'login', 'user', 'hr0andk490gvp5emhn9jagifhl'),
(1224, 64, '127.0.0.1', '2021-09-14 11:12:51', 'start order', 'user', 'hr0andk490gvp5emhn9jagifhl'),
(1225, 64, '127.0.0.1', '2021-09-14 11:12:53', 'order clothes', 'user', 'hr0andk490gvp5emhn9jagifhl'),
(1226, 64, '127.0.0.1', '2021-09-14 11:12:55', 'order clothes', 'user', 'hr0andk490gvp5emhn9jagifhl'),
(1227, 64, '127.0.0.1', '2021-09-14 11:12:55', 'order clothes', 'user', 'hr0andk490gvp5emhn9jagifhl'),
(1228, 64, '127.0.0.1', '2021-09-14 11:12:55', 'order clothes', 'user', 'hr0andk490gvp5emhn9jagifhl'),
(1229, 64, '127.0.0.1', '2021-09-14 11:12:55', 'order clothes', 'user', 'hr0andk490gvp5emhn9jagifhl'),
(1230, 64, '127.0.0.1', '2021-09-14 11:14:15', 'login', 'user', 'hr0andk490gvp5emhn9jagifhl'),
(1231, 64, '127.0.0.1', '2021-09-14 11:14:15', 'start order', 'user', 'hr0andk490gvp5emhn9jagifhl'),
(1232, 64, '127.0.0.1', '2021-09-14 11:14:17', 'order clothes', 'user', 'hr0andk490gvp5emhn9jagifhl'),
(1233, 64, '127.0.0.1', '2021-09-14 11:14:19', 'order clothes', 'user', 'hr0andk490gvp5emhn9jagifhl'),
(1234, 64, '127.0.0.1', '2021-09-14 11:14:19', 'order clothes', 'user', 'hr0andk490gvp5emhn9jagifhl'),
(1235, 64, '127.0.0.1', '2021-09-14 11:14:19', 'order clothes', 'user', 'hr0andk490gvp5emhn9jagifhl'),
(1236, 64, '127.0.0.1', '2021-09-14 11:14:19', 'order clothes', 'user', 'hr0andk490gvp5emhn9jagifhl'),
(1237, 64, '127.0.0.1', '2021-09-14 11:14:20', 'order clothes', 'user', 'hr0andk490gvp5emhn9jagifhl'),
(1238, 64, '127.0.0.1', '2021-09-14 11:14:20', 'order clothes', 'user', 'hr0andk490gvp5emhn9jagifhl'),
(1239, 64, '127.0.0.1', '2021-09-14 11:15:20', 'login', 'user', 'hr0andk490gvp5emhn9jagifhl'),
(1240, 64, '127.0.0.1', '2021-09-14 11:15:20', 'start order', 'user', 'hr0andk490gvp5emhn9jagifhl'),
(1241, 64, '127.0.0.1', '2021-09-14 11:15:22', 'order clothes', 'user', 'hr0andk490gvp5emhn9jagifhl'),
(1242, 64, '127.0.0.1', '2021-09-14 11:15:24', 'order clothes', 'user', 'hr0andk490gvp5emhn9jagifhl'),
(1243, 64, '127.0.0.1', '2021-09-14 11:15:27', 'order clothes', 'user', 'hr0andk490gvp5emhn9jagifhl'),
(1244, 64, '127.0.0.1', '2021-09-14 11:15:27', 'order clothes', 'user', 'hr0andk490gvp5emhn9jagifhl'),
(1245, 64, '127.0.0.1', '2021-09-14 11:15:28', 'order clothes', 'user', 'hr0andk490gvp5emhn9jagifhl'),
(1246, 64, '127.0.0.1', '2021-09-14 11:15:44', 'login', 'user', 'hr0andk490gvp5emhn9jagifhl'),
(1247, 64, '127.0.0.1', '2021-09-14 11:15:44', 'start order', 'user', 'hr0andk490gvp5emhn9jagifhl'),
(1248, 64, '127.0.0.1', '2021-09-14 11:15:45', 'order clothes', 'user', 'hr0andk490gvp5emhn9jagifhl'),
(1249, 64, '127.0.0.1', '2021-09-14 11:15:48', 'order clothes', 'user', 'hr0andk490gvp5emhn9jagifhl'),
(1250, 64, '127.0.0.1', '2021-09-14 11:15:50', 'order clothes', 'user', 'hr0andk490gvp5emhn9jagifhl'),
(1251, 64, '127.0.0.1', '2021-09-14 11:15:52', 'order clothes', 'user', 'hr0andk490gvp5emhn9jagifhl'),
(1252, 64, '127.0.0.1', '2021-09-14 11:15:53', 'order clothes', 'user', 'hr0andk490gvp5emhn9jagifhl'),
(1253, 64, '127.0.0.1', '2021-09-14 11:15:53', 'order clothes', 'user', 'hr0andk490gvp5emhn9jagifhl'),
(1254, 64, '127.0.0.1', '2021-09-14 11:15:53', 'order clothes', 'user', 'hr0andk490gvp5emhn9jagifhl'),
(1255, 64, '127.0.0.1', '2021-09-14 11:15:54', 'order clothes', 'user', 'hr0andk490gvp5emhn9jagifhl'),
(1256, 64, '127.0.0.1', '2021-09-14 11:15:54', 'order clothes', 'user', 'hr0andk490gvp5emhn9jagifhl'),
(1257, 64, '127.0.0.1', '2021-09-14 11:15:54', 'order clothes', 'user', 'hr0andk490gvp5emhn9jagifhl'),
(1258, 64, '127.0.0.1', '2021-09-14 11:15:58', 'order clothes', 'user', 'hr0andk490gvp5emhn9jagifhl'),
(1259, 64, '127.0.0.1', '2021-09-14 11:15:58', 'order clothes', 'user', 'hr0andk490gvp5emhn9jagifhl'),
(1260, 64, '127.0.0.1', '2021-09-14 11:15:58', 'order clothes', 'user', 'hr0andk490gvp5emhn9jagifhl'),
(1261, 64, '127.0.0.1', '2021-09-14 11:15:59', 'order clothes', 'user', 'hr0andk490gvp5emhn9jagifhl'),
(1262, 64, '127.0.0.1', '2021-09-14 11:16:28', 'login', 'user', 'hr0andk490gvp5emhn9jagifhl'),
(1263, 64, '127.0.0.1', '2021-09-14 11:16:28', 'start order', 'user', 'hr0andk490gvp5emhn9jagifhl'),
(1264, 64, '127.0.0.1', '2021-09-14 11:16:30', 'order clothes', 'user', 'hr0andk490gvp5emhn9jagifhl'),
(1265, 64, '127.0.0.1', '2021-09-14 11:16:34', 'order clothes', 'user', 'hr0andk490gvp5emhn9jagifhl'),
(1266, 64, '127.0.0.1', '2021-09-14 11:16:35', 'order clothes', 'user', 'hr0andk490gvp5emhn9jagifhl'),
(1267, 64, '127.0.0.1', '2021-09-14 11:16:36', 'order clothes', 'user', 'hr0andk490gvp5emhn9jagifhl'),
(1268, 64, '127.0.0.1', '2021-09-14 11:16:36', 'order clothes', 'user', 'hr0andk490gvp5emhn9jagifhl'),
(1269, 64, '127.0.0.1', '2021-09-14 11:16:36', 'order clothes', 'user', 'hr0andk490gvp5emhn9jagifhl'),
(1270, 64, '127.0.0.1', '2021-09-14 11:17:16', 'login', 'user', 'hr0andk490gvp5emhn9jagifhl'),
(1271, 64, '127.0.0.1', '2021-09-14 11:17:16', 'start order', 'user', 'hr0andk490gvp5emhn9jagifhl'),
(1272, 64, '127.0.0.1', '2021-09-14 11:17:26', 'order clothes', 'user', 'hr0andk490gvp5emhn9jagifhl'),
(1273, 64, '127.0.0.1', '2021-09-14 11:17:34', 'login', 'user', 'hr0andk490gvp5emhn9jagifhl'),
(1274, 64, '127.0.0.1', '2021-09-14 11:17:34', 'start order', 'user', 'hr0andk490gvp5emhn9jagifhl'),
(1275, 64, '127.0.0.1', '2021-09-14 11:17:36', 'order clothes', 'user', 'hr0andk490gvp5emhn9jagifhl'),
(1276, 64, '127.0.0.1', '2021-09-14 11:18:09', 'login', 'user', 'hr0andk490gvp5emhn9jagifhl'),
(1277, 64, '127.0.0.1', '2021-09-14 11:18:10', 'start order', 'user', 'hr0andk490gvp5emhn9jagifhl'),
(1278, 64, '127.0.0.1', '2021-09-14 11:18:12', 'order clothes', 'user', 'hr0andk490gvp5emhn9jagifhl'),
(1279, 64, '127.0.0.1', '2021-09-14 11:18:30', 'login', 'user', 'hr0andk490gvp5emhn9jagifhl'),
(1280, 64, '127.0.0.1', '2021-09-14 11:18:30', 'start order', 'user', 'hr0andk490gvp5emhn9jagifhl'),
(1281, 64, '127.0.0.1', '2021-09-14 11:18:31', 'order clothes', 'user', 'hr0andk490gvp5emhn9jagifhl'),
(1282, 64, '127.0.0.1', '2021-09-14 11:18:34', 'order clothes', 'user', 'hr0andk490gvp5emhn9jagifhl'),
(1283, 64, '127.0.0.1', '2021-09-14 11:18:38', 'order clothes', 'user', 'hr0andk490gvp5emhn9jagifhl'),
(1284, 64, '127.0.0.1', '2021-09-14 11:18:46', 'login', 'user', 'hr0andk490gvp5emhn9jagifhl'),
(1285, 64, '127.0.0.1', '2021-09-14 11:18:46', 'start order', 'user', 'hr0andk490gvp5emhn9jagifhl'),
(1286, 64, '127.0.0.1', '2021-09-14 11:18:50', 'order clothes', 'user', 'hr0andk490gvp5emhn9jagifhl'),
(1287, 64, '127.0.0.1', '2021-09-14 11:18:57', 'order clothes', 'user', 'hr0andk490gvp5emhn9jagifhl'),
(1288, 64, '127.0.0.1', '2021-09-14 11:19:27', 'login', 'user', 'hr0andk490gvp5emhn9jagifhl'),
(1289, 64, '127.0.0.1', '2021-09-14 11:19:27', 'start order', 'user', 'hr0andk490gvp5emhn9jagifhl'),
(1290, 64, '127.0.0.1', '2021-09-14 11:19:30', 'order clothes', 'user', 'hr0andk490gvp5emhn9jagifhl'),
(1291, 64, '127.0.0.1', '2021-09-14 11:19:38', 'login', 'user', 'hr0andk490gvp5emhn9jagifhl'),
(1292, 64, '127.0.0.1', '2021-09-14 11:19:38', 'start order', 'user', 'hr0andk490gvp5emhn9jagifhl'),
(1293, 64, '127.0.0.1', '2021-09-14 11:19:40', 'order clothes', 'user', 'hr0andk490gvp5emhn9jagifhl'),
(1294, 64, '127.0.0.1', '2021-09-14 11:20:36', 'login', 'user', 'hr0andk490gvp5emhn9jagifhl'),
(1295, 64, '127.0.0.1', '2021-09-14 11:20:36', 'start order', 'user', 'hr0andk490gvp5emhn9jagifhl'),
(1296, 64, '127.0.0.1', '2021-09-14 11:20:38', 'order clothes', 'user', 'hr0andk490gvp5emhn9jagifhl'),
(1297, 64, '127.0.0.1', '2021-09-14 11:20:42', 'order clothes', 'user', 'hr0andk490gvp5emhn9jagifhl'),
(1298, 64, '127.0.0.1', '2021-09-14 11:21:47', 'login', 'user', 'hr0andk490gvp5emhn9jagifhl'),
(1299, 64, '127.0.0.1', '2021-09-14 11:21:47', 'start order', 'user', 'hr0andk490gvp5emhn9jagifhl'),
(1300, 64, '127.0.0.1', '2021-09-14 11:21:48', 'order clothes', 'user', 'hr0andk490gvp5emhn9jagifhl'),
(1301, 64, '127.0.0.1', '2021-09-14 11:21:50', 'order clothes', 'user', 'hr0andk490gvp5emhn9jagifhl'),
(1302, 64, '127.0.0.1', '2021-09-14 11:21:50', 'order clothes', 'user', 'hr0andk490gvp5emhn9jagifhl'),
(1303, 64, '127.0.0.1', '2021-09-14 11:21:51', 'order clothes', 'user', 'hr0andk490gvp5emhn9jagifhl'),
(1304, 64, '127.0.0.1', '2021-09-14 11:21:51', 'order clothes', 'user', 'hr0andk490gvp5emhn9jagifhl'),
(1305, 64, '127.0.0.1', '2021-09-14 11:21:51', 'order clothes', 'user', 'hr0andk490gvp5emhn9jagifhl'),
(1306, 64, '127.0.0.1', '2021-09-14 11:21:51', 'order clothes', 'user', 'hr0andk490gvp5emhn9jagifhl'),
(1307, 64, '127.0.0.1', '2021-09-14 11:21:51', 'order clothes', 'user', 'hr0andk490gvp5emhn9jagifhl'),
(1308, 64, '127.0.0.1', '2021-09-14 11:23:05', 'login', 'user', 'hr0andk490gvp5emhn9jagifhl'),
(1309, 64, '127.0.0.1', '2021-09-14 11:23:05', 'start order', 'user', 'hr0andk490gvp5emhn9jagifhl'),
(1310, 64, '127.0.0.1', '2021-09-14 11:23:06', 'order clothes', 'user', 'hr0andk490gvp5emhn9jagifhl'),
(1311, 64, '127.0.0.1', '2021-09-14 11:23:14', 'order clothes', 'user', 'hr0andk490gvp5emhn9jagifhl'),
(1312, 64, '127.0.0.1', '2021-09-14 11:23:17', 'order clothes', 'user', 'hr0andk490gvp5emhn9jagifhl'),
(1313, 64, '127.0.0.1', '2021-09-15 04:09:48', 'login', 'user', 'v2scoi435v29k32krmulab6ftj'),
(1314, 64, '127.0.0.1', '2021-09-15 04:09:48', 'start order', 'user', 'v2scoi435v29k32krmulab6ftj'),
(1315, 64, '127.0.0.1', '2021-09-15 04:09:58', 'order clothes', 'user', 'v2scoi435v29k32krmulab6ftj'),
(1316, 64, '127.0.0.1', '2021-09-15 04:40:21', 'login', 'user', 'v2scoi435v29k32krmulab6ftj'),
(1317, 64, '127.0.0.1', '2021-09-15 04:40:21', 'start order', 'user', 'v2scoi435v29k32krmulab6ftj'),
(1318, 64, '127.0.0.1', '2021-09-15 04:40:22', 'order clothes', 'user', 'v2scoi435v29k32krmulab6ftj'),
(1319, 64, '127.0.0.1', '2021-09-15 04:43:36', 'login', 'user', 'v2scoi435v29k32krmulab6ftj'),
(1320, 64, '127.0.0.1', '2021-09-15 04:43:36', 'start order', 'user', 'v2scoi435v29k32krmulab6ftj'),
(1321, 64, '127.0.0.1', '2021-09-15 04:43:38', 'order clothes', 'user', 'v2scoi435v29k32krmulab6ftj'),
(1322, 64, '127.0.0.1', '2021-09-15 04:44:04', 'login', 'user', 'v2scoi435v29k32krmulab6ftj'),
(1323, 64, '127.0.0.1', '2021-09-15 04:44:04', 'start order', 'user', 'v2scoi435v29k32krmulab6ftj'),
(1324, 64, '127.0.0.1', '2021-09-15 04:44:05', 'order clothes', 'user', 'v2scoi435v29k32krmulab6ftj'),
(1325, 64, '127.0.0.1', '2021-09-15 04:44:18', 'login', 'user', 'v2scoi435v29k32krmulab6ftj'),
(1326, 64, '127.0.0.1', '2021-09-15 04:44:18', 'start order', 'user', 'v2scoi435v29k32krmulab6ftj'),
(1327, 64, '127.0.0.1', '2021-09-15 04:44:19', 'order clothes', 'user', 'v2scoi435v29k32krmulab6ftj'),
(1328, 64, '127.0.0.1', '2021-09-15 04:45:05', 'login', 'user', 'v2scoi435v29k32krmulab6ftj'),
(1329, 64, '127.0.0.1', '2021-09-15 04:45:05', 'start order', 'user', 'v2scoi435v29k32krmulab6ftj'),
(1330, 64, '127.0.0.1', '2021-09-15 04:45:07', 'order clothes', 'user', 'v2scoi435v29k32krmulab6ftj'),
(1331, 64, '127.0.0.1', '2021-09-15 05:21:01', 'login', 'user', 'v2scoi435v29k32krmulab6ftj'),
(1332, 64, '127.0.0.1', '2021-09-15 05:21:01', 'start order', 'user', 'v2scoi435v29k32krmulab6ftj'),
(1333, 64, '127.0.0.1', '2021-09-15 05:30:00', 'login', 'user', 'v2scoi435v29k32krmulab6ftj'),
(1334, 64, '127.0.0.1', '2021-09-15 05:30:00', 'start order', 'user', 'v2scoi435v29k32krmulab6ftj'),
(1335, 64, '127.0.0.1', '2021-09-15 05:42:20', 'login', 'user', 'v2scoi435v29k32krmulab6ftj'),
(1336, 64, '127.0.0.1', '2021-09-15 05:42:20', 'start order', 'user', 'v2scoi435v29k32krmulab6ftj'),
(1337, 64, '127.0.0.1', '2021-09-15 05:43:18', 'login', 'user', 'v2scoi435v29k32krmulab6ftj'),
(1338, 64, '127.0.0.1', '2021-09-15 05:43:18', 'start order', 'user', 'v2scoi435v29k32krmulab6ftj'),
(1339, 64, '127.0.0.1', '2021-09-15 05:47:37', 'login', 'user', 'v2scoi435v29k32krmulab6ftj'),
(1340, 64, '127.0.0.1', '2021-09-15 05:47:37', 'start order', 'user', 'v2scoi435v29k32krmulab6ftj'),
(1341, 64, '127.0.0.1', '2021-09-15 05:49:23', 'login', 'user', 'v2scoi435v29k32krmulab6ftj'),
(1342, 64, '127.0.0.1', '2021-09-15 05:49:23', 'start order', 'user', 'v2scoi435v29k32krmulab6ftj'),
(1343, 64, '127.0.0.1', '2021-09-15 05:49:57', 'order clothes', 'user', 'v2scoi435v29k32krmulab6ftj'),
(1344, 64, '127.0.0.1', '2021-09-15 05:50:01', 'order clothes', 'user', 'v2scoi435v29k32krmulab6ftj'),
(1345, 64, '127.0.0.1', '2021-09-15 05:52:41', 'login', 'user', 'v2scoi435v29k32krmulab6ftj'),
(1346, 64, '127.0.0.1', '2021-09-15 05:52:42', 'start order', 'user', 'v2scoi435v29k32krmulab6ftj'),
(1347, 64, '127.0.0.1', '2021-09-15 05:55:07', 'login', 'user', 'v2scoi435v29k32krmulab6ftj'),
(1348, 64, '127.0.0.1', '2021-09-15 05:55:07', 'start order', 'user', 'v2scoi435v29k32krmulab6ftj'),
(1349, 64, '127.0.0.1', '2021-09-15 06:05:54', 'login', 'user', 'ukii39ab6vv5km44tpusekjnh3'),
(1350, 64, '127.0.0.1', '2021-09-15 06:05:54', 'start order', 'user', 'ukii39ab6vv5km44tpusekjnh3'),
(1351, 64, '127.0.0.1', '2021-09-15 06:07:28', 'order clothes', 'user', 'ukii39ab6vv5km44tpusekjnh3'),
(1352, 64, '::1', '2021-09-15 06:07:44', 'login', 'user', 'e9vf67mhui1k2dtqevm1hnnpc8'),
(1353, 64, '::1', '2021-09-15 06:07:44', 'start order', 'user', 'e9vf67mhui1k2dtqevm1hnnpc8'),
(1354, 64, '::1', '2021-09-15 06:07:50', 'order clothes', 'user', 'e9vf67mhui1k2dtqevm1hnnpc8'),
(1355, 64, '::1', '2021-09-15 06:09:15', 'login', 'user', 'e9vf67mhui1k2dtqevm1hnnpc8'),
(1356, 64, '::1', '2021-09-15 06:09:15', 'start order', 'user', 'e9vf67mhui1k2dtqevm1hnnpc8'),
(1357, 64, '::1', '2021-09-15 06:11:23', 'login', 'user', 'e9vf67mhui1k2dtqevm1hnnpc8'),
(1358, 64, '::1', '2021-09-15 06:11:23', 'start order', 'user', 'e9vf67mhui1k2dtqevm1hnnpc8'),
(1359, 64, '::1', '2021-09-15 06:14:21', 'login', 'user', 'e9vf67mhui1k2dtqevm1hnnpc8'),
(1360, 64, '::1', '2021-09-15 06:14:21', 'start order', 'user', 'e9vf67mhui1k2dtqevm1hnnpc8'),
(1361, 64, '::1', '2021-09-15 06:15:33', 'login', 'user', 'e9vf67mhui1k2dtqevm1hnnpc8'),
(1362, 64, '::1', '2021-09-15 06:15:33', 'start order', 'user', 'e9vf67mhui1k2dtqevm1hnnpc8'),
(1363, 64, '::1', '2021-09-15 06:17:43', 'login', 'user', 'e9vf67mhui1k2dtqevm1hnnpc8'),
(1364, 64, '::1', '2021-09-15 06:17:43', 'start order', 'user', 'e9vf67mhui1k2dtqevm1hnnpc8'),
(1365, 64, '::1', '2021-09-15 06:18:19', 'login', 'user', 'e9vf67mhui1k2dtqevm1hnnpc8'),
(1366, 64, '::1', '2021-09-15 06:18:19', 'start order', 'user', 'e9vf67mhui1k2dtqevm1hnnpc8'),
(1367, 64, '::1', '2021-09-15 06:35:43', 'login', 'user', 'e9vf67mhui1k2dtqevm1hnnpc8'),
(1368, 64, '::1', '2021-09-15 06:35:43', 'start order', 'user', 'e9vf67mhui1k2dtqevm1hnnpc8'),
(1369, 64, '::1', '2021-09-15 06:36:22', 'login', 'user', 'e9vf67mhui1k2dtqevm1hnnpc8'),
(1370, 64, '::1', '2021-09-15 06:36:22', 'start order', 'user', 'e9vf67mhui1k2dtqevm1hnnpc8'),
(1371, 64, '::1', '2021-09-15 06:36:37', 'login', 'user', 'e9vf67mhui1k2dtqevm1hnnpc8'),
(1372, 64, '::1', '2021-09-15 06:36:37', 'start order', 'user', 'e9vf67mhui1k2dtqevm1hnnpc8'),
(1373, 64, '::1', '2021-09-15 06:36:41', 'order accessories', 'user', 'e9vf67mhui1k2dtqevm1hnnpc8'),
(1374, 64, '::1', '2021-09-15 06:36:50', 'order accessories', 'user', 'e9vf67mhui1k2dtqevm1hnnpc8'),
(1375, 64, '::1', '2021-09-15 06:36:51', 'order accessories', 'user', 'e9vf67mhui1k2dtqevm1hnnpc8'),
(1376, 64, '::1', '2021-09-15 06:37:48', 'order clothes', 'user', 'e9vf67mhui1k2dtqevm1hnnpc8'),
(1377, 64, '::1', '2021-09-15 06:39:40', 'login', 'user', 'e9vf67mhui1k2dtqevm1hnnpc8'),
(1378, 64, '::1', '2021-09-15 06:39:41', 'start order', 'user', 'e9vf67mhui1k2dtqevm1hnnpc8'),
(1379, 64, '::1', '2021-09-15 06:39:42', 'order clothes', 'user', 'e9vf67mhui1k2dtqevm1hnnpc8'),
(1380, 64, '::1', '2021-09-15 06:39:56', 'order accessories', 'user', 'e9vf67mhui1k2dtqevm1hnnpc8'),
(1381, 64, '::1', '2021-09-15 06:39:59', 'login', 'user', 'e9vf67mhui1k2dtqevm1hnnpc8'),
(1382, 64, '::1', '2021-09-15 06:39:59', 'start order', 'user', 'e9vf67mhui1k2dtqevm1hnnpc8'),
(1383, 64, '::1', '2021-09-15 06:40:04', 'login', 'user', 'e9vf67mhui1k2dtqevm1hnnpc8'),
(1384, 64, '::1', '2021-09-15 06:40:04', 'start order', 'user', 'e9vf67mhui1k2dtqevm1hnnpc8'),
(1385, 64, '127.0.0.1', '2021-09-15 06:40:17', 'login', 'user', '6efuf2iorqebk3trs5i3nsjvqd'),
(1386, 64, '127.0.0.1', '2021-09-15 06:40:17', 'start order', 'user', '6efuf2iorqebk3trs5i3nsjvqd'),
(1387, 64, '127.0.0.1', '2021-09-15 06:41:00', 'login', 'user', '6efuf2iorqebk3trs5i3nsjvqd'),
(1388, 64, '127.0.0.1', '2021-09-15 06:41:00', 'start order', 'user', '6efuf2iorqebk3trs5i3nsjvqd'),
(1389, 64, '127.0.0.1', '2021-09-15 06:41:02', 'order clothes', 'user', '6efuf2iorqebk3trs5i3nsjvqd'),
(1390, 64, '127.0.0.1', '2021-09-15 06:41:06', 'order accessories', 'user', '6efuf2iorqebk3trs5i3nsjvqd'),
(1391, 64, '127.0.0.1', '2021-09-15 06:41:11', 'order clothes', 'user', '6efuf2iorqebk3trs5i3nsjvqd'),
(1392, 64, '127.0.0.1', '2021-09-16 02:28:41', 'login', 'user', 'a5bguk2f6ckhkv5oi9726iu89v'),
(1393, 64, '127.0.0.1', '2021-09-16 02:28:41', 'start order', 'user', 'a5bguk2f6ckhkv5oi9726iu89v'),
(1394, 64, '127.0.0.1', '2021-09-16 02:28:42', 'order clothes', 'user', 'a5bguk2f6ckhkv5oi9726iu89v'),
(1395, 64, '127.0.0.1', '2021-09-16 04:22:24', 'login', 'user', 'a5bguk2f6ckhkv5oi9726iu89v'),
(1396, 64, '127.0.0.1', '2021-09-16 04:22:24', 'start order', 'user', 'a5bguk2f6ckhkv5oi9726iu89v'),
(1397, 64, '127.0.0.1', '2021-09-16 08:25:02', 'logout', 'user', 'a5bguk2f6ckhkv5oi9726iu89v'),
(1398, 64, '127.0.0.1', '2021-09-16 08:25:06', 'login', 'user', 'a5bguk2f6ckhkv5oi9726iu89v'),
(1399, 64, '127.0.0.1', '2021-09-16 08:25:06', 'start order', 'user', 'a5bguk2f6ckhkv5oi9726iu89v'),
(1400, 64, '::1', '2021-09-16 08:25:43', 'login', 'user', 'c97fg9fr2l6gv97lvri4l4hu3n'),
(1401, 64, '::1', '2021-09-16 08:25:43', 'start order', 'user', 'c97fg9fr2l6gv97lvri4l4hu3n'),
(1402, 64, '::1', '2021-09-16 08:38:34', 'order clothes', 'user', 'c97fg9fr2l6gv97lvri4l4hu3n'),
(1403, 64, '::1', '2021-09-16 08:39:31', 'order clothes', 'user', 'c97fg9fr2l6gv97lvri4l4hu3n'),
(1404, 64, '::1', '2021-09-16 08:40:23', 'order clothes', 'user', 'c97fg9fr2l6gv97lvri4l4hu3n'),
(1405, 64, '::1', '2021-09-16 08:46:53', 'login', 'user', 'c97fg9fr2l6gv97lvri4l4hu3n'),
(1406, 64, '::1', '2021-09-16 08:46:53', 'start order', 'user', 'c97fg9fr2l6gv97lvri4l4hu3n'),
(1407, 64, '::1', '2021-09-16 08:47:14', 'update', 'user', 'c97fg9fr2l6gv97lvri4l4hu3n'),
(1408, 64, '::1', '2021-09-16 08:47:14', 'complete order', 'user', 'c97fg9fr2l6gv97lvri4l4hu3n'),
(1409, 64, '::1', '2021-09-16 08:47:26', 'order clothes', 'user', 'c97fg9fr2l6gv97lvri4l4hu3n'),
(1410, 64, '::1', '2021-09-16 08:47:32', 'order clothes', 'user', 'c97fg9fr2l6gv97lvri4l4hu3n'),
(1411, 64, '::1', '2021-09-16 08:47:32', 'order clothes', 'user', 'c97fg9fr2l6gv97lvri4l4hu3n'),
(1412, 64, '::1', '2021-09-16 08:47:33', 'order clothes', 'user', 'c97fg9fr2l6gv97lvri4l4hu3n'),
(1413, 64, '::1', '2021-09-16 08:47:33', 'order clothes', 'user', 'c97fg9fr2l6gv97lvri4l4hu3n'),
(1414, 64, '::1', '2021-09-16 08:47:33', 'order clothes', 'user', 'c97fg9fr2l6gv97lvri4l4hu3n'),
(1415, 64, '::1', '2021-09-16 08:47:49', 'orderdelete', 'user', 'c97fg9fr2l6gv97lvri4l4hu3n'),
(1416, 64, '::1', '2021-09-16 08:48:01', 'login', 'user', 'c97fg9fr2l6gv97lvri4l4hu3n'),
(1417, 64, '::1', '2021-09-16 08:48:01', 'start order', 'user', 'c97fg9fr2l6gv97lvri4l4hu3n'),
(1418, 64, '::1', '2021-09-16 08:48:03', 'order clothes', 'user', 'c97fg9fr2l6gv97lvri4l4hu3n'),
(1419, 64, '::1', '2021-09-16 08:48:12', 'orderdelete', 'user', 'c97fg9fr2l6gv97lvri4l4hu3n'),
(1420, 64, '::1', '2021-09-16 08:48:38', 'order clothes', 'user', 'c97fg9fr2l6gv97lvri4l4hu3n'),
(1421, 64, '::1', '2021-09-16 08:48:46', 'order accessories', 'user', 'c97fg9fr2l6gv97lvri4l4hu3n'),
(1422, 64, '::1', '2021-09-16 08:48:51', 'update', 'user', 'c97fg9fr2l6gv97lvri4l4hu3n'),
(1423, 64, '::1', '2021-09-16 08:48:51', 'complete order', 'user', 'c97fg9fr2l6gv97lvri4l4hu3n'),
(1424, 64, '::1', '2021-09-16 08:49:45', 'update', 'user', 'c97fg9fr2l6gv97lvri4l4hu3n');

-- --------------------------------------------------------

--
-- Table structure for table `orderform`
--

DROP TABLE IF EXISTS `orderform`;
CREATE TABLE IF NOT EXISTS `orderform` (
  `orderID` int(11) NOT NULL AUTO_INCREMENT,
  `orderstatus` varchar(20) NOT NULL,
  `ordertime` timestamp NOT NULL DEFAULT current_timestamp(),
  `CustomerID` int(11) NOT NULL,
  `totalprice` int(10) NOT NULL,
  PRIMARY KEY (`orderID`),
  KEY `CustomerID` (`CustomerID`)
) ENGINE=InnoDB AUTO_INCREMENT=469 DEFAULT CHARSET=utf8;

--
-- Dumping data for table `orderform`
--

INSERT INTO `orderform` (`orderID`, `orderstatus`, `ordertime`, `CustomerID`, `totalprice`) VALUES
(326, 'Notpayed', '2021-09-11 13:17:50', 64, 20),
(327, 'Notpayed', '2021-09-11 13:19:00', 64, 20),
(328, 'Notpayed', '2021-09-11 13:23:11', 64, 20),
(329, 'Notpayed', '2021-09-13 00:09:09', 64, 0),
(330, 'Notpayed', '2021-09-13 00:31:15', 64, 0),
(331, 'Notpayed', '2021-09-13 00:32:39', 64, 0),
(332, 'Notpayed', '2021-09-13 00:39:54', 64, 0),
(333, 'Notpayed', '2021-09-13 00:40:06', 64, 0),
(334, 'Notpayed', '2021-09-13 00:40:38', 64, 0),
(335, 'Notpayed', '2021-09-13 00:46:46', 64, 10),
(336, 'Notpayed', '2021-09-13 00:48:36', 64, 0),
(337, 'completepayment', '2021-09-13 00:49:42', 64, 0),
(338, 'Notpayed', '2021-09-13 01:47:28', 64, 0),
(339, 'Notpayed', '2021-09-13 02:13:16', 64, 0),
(340, 'Notpayed', '2021-09-13 02:13:33', 64, 0),
(341, 'Notpayed', '2021-09-13 02:13:44', 64, 0),
(342, 'Notpayed', '2021-09-13 02:14:01', 64, 0),
(343, 'Notpayed', '2021-09-13 02:14:38', 64, 0),
(344, 'Notpayed', '2021-09-13 02:15:41', 64, 0),
(345, 'Notpayed', '2021-09-13 02:21:33', 64, 0),
(346, 'Notpayed', '2021-09-13 02:35:19', 64, 0),
(347, 'Notpayed', '2021-09-13 02:36:26', 64, 0),
(348, 'Notpayed', '2021-09-13 02:37:19', 64, 0),
(349, 'Notpayed', '2021-09-13 02:41:41', 64, 0),
(350, 'Notpayed', '2021-09-13 02:48:12', 64, 0),
(351, 'Notpayed', '2021-09-13 02:51:35', 64, 0),
(352, 'Notpayed', '2021-09-13 02:52:47', 64, 0),
(353, 'Notpayed', '2021-09-13 02:56:28', 64, 0),
(354, 'Notpayed', '2021-09-13 02:58:11', 64, 0),
(355, 'Notpayed', '2021-09-13 02:59:04', 64, 0),
(356, 'Notpayed', '2021-09-13 02:59:34', 64, 0),
(357, 'Notpayed', '2021-09-13 03:00:01', 64, 0),
(358, 'Notpayed', '2021-09-13 03:05:17', 64, 0),
(359, 'Notpayed', '2021-09-13 03:07:08', 64, 0),
(360, 'Notpayed', '2021-09-13 03:07:20', 64, 0),
(361, 'Notpayed', '2021-09-13 03:07:50', 64, 0),
(362, 'Notpayed', '2021-09-13 03:09:27', 64, 0),
(363, 'Notpayed', '2021-09-13 03:09:57', 64, 0),
(364, 'Notpayed', '2021-09-13 03:11:20', 64, 0),
(365, 'Notpayed', '2021-09-13 03:12:23', 64, 0),
(366, 'Notpayed', '2021-09-13 03:12:56', 64, 0),
(367, 'Notpayed', '2021-09-13 03:17:15', 64, 0),
(368, 'Notpayed', '2021-09-13 03:17:50', 64, 0),
(369, 'Notpayed', '2021-09-13 03:18:06', 64, 0),
(370, 'Notpayed', '2021-09-13 03:18:26', 64, 0),
(371, 'Notpayed', '2021-09-13 03:18:42', 64, 0),
(372, 'Notpayed', '2021-09-13 03:20:28', 64, 40),
(373, 'Notpayed', '2021-09-13 03:21:07', 64, 40),
(374, 'Notpayed', '2021-09-13 03:26:54', 64, 0),
(375, 'Notpayed', '2021-09-13 03:29:35', 64, 0),
(376, 'Notpayed', '2021-09-13 03:31:24', 64, 0),
(377, 'Notpayed', '2021-09-13 03:33:44', 64, 0),
(378, 'Notpayed', '2021-09-13 03:34:38', 64, 0),
(379, 'Notpayed', '2021-09-13 03:35:52', 64, 40),
(380, 'completepayment', '2021-09-13 03:41:53', 64, 10),
(381, 'Notpayed', '2021-09-13 03:46:50', 64, 0),
(382, 'Notpayed', '2021-09-13 04:06:17', 64, 0),
(383, 'Notpayed', '2021-09-13 04:06:37', 64, 0),
(384, 'Notpayed', '2021-09-13 04:19:51', 64, 0),
(385, 'Notpayed', '2021-09-13 05:24:19', 64, 0),
(386, 'Notpayed', '2021-09-14 00:56:58', 64, 0),
(387, 'Notpayed', '2021-09-14 02:25:49', 64, 0),
(388, 'Notpayed', '2021-09-14 03:13:34', 64, 0),
(389, 'Notpayed', '2021-09-14 03:14:14', 64, 0),
(390, 'Notpayed', '2021-09-14 03:14:30', 64, 0),
(391, 'Notpayed', '2021-09-14 03:23:39', 64, 0),
(392, 'Notpayed', '2021-09-14 05:03:48', 64, 0),
(393, 'Notpayed', '2021-09-14 05:09:53', 64, 0),
(394, 'Notpayed', '2021-09-14 05:10:01', 64, 0),
(395, 'Notpayed', '2021-09-14 05:13:29', 64, 0),
(396, 'Notpayed', '2021-09-14 09:47:21', 64, 0),
(397, 'Notpayed', '2021-09-14 10:20:41', 64, 0),
(398, 'Notpayed', '2021-09-14 10:35:14', 64, 0),
(399, 'Notpayed', '2021-09-14 10:38:43', 64, 0),
(400, 'Notpayed', '2021-09-14 10:39:33', 64, 0),
(401, 'Notpayed', '2021-09-14 10:39:39', 64, 0),
(402, 'Notpayed', '2021-09-14 10:47:19', 64, 0),
(403, 'Notpayed', '2021-09-14 10:48:30', 64, 0),
(404, 'Notpayed', '2021-09-14 10:49:15', 64, 0),
(405, 'Notpayed', '2021-09-14 10:49:25', 64, 0),
(406, 'Notpayed', '2021-09-14 10:51:05', 64, 0),
(407, 'Notpayed', '2021-09-14 10:52:16', 64, 0),
(408, 'Notpayed', '2021-09-14 10:52:43', 64, 0),
(409, 'Notpayed', '2021-09-14 10:53:13', 64, 0),
(410, 'Notpayed', '2021-09-14 10:55:26', 64, 0),
(411, 'Notpayed', '2021-09-14 10:56:24', 64, 0),
(412, 'Notpayed', '2021-09-14 10:56:55', 64, 0),
(413, 'Notpayed', '2021-09-14 11:03:12', 64, 0),
(414, 'Notpayed', '2021-09-14 11:05:33', 64, 0),
(415, 'Notpayed', '2021-09-14 11:06:12', 64, 0),
(416, 'Notpayed', '2021-09-14 11:09:04', 64, 0),
(417, 'Notpayed', '2021-09-14 11:11:55', 64, 0),
(418, 'Notpayed', '2021-09-14 11:12:51', 64, 0),
(419, 'Notpayed', '2021-09-14 11:14:15', 64, 0),
(420, 'Notpayed', '2021-09-14 11:15:20', 64, 0),
(421, 'Notpayed', '2021-09-14 11:15:44', 64, 0),
(422, 'Notpayed', '2021-09-14 11:16:28', 64, 0),
(423, 'Notpayed', '2021-09-14 11:17:16', 64, 0),
(424, 'Notpayed', '2021-09-14 11:17:34', 64, 0),
(425, 'Notpayed', '2021-09-14 11:18:10', 64, 0),
(426, 'Notpayed', '2021-09-14 11:18:30', 64, 0),
(427, 'Notpayed', '2021-09-14 11:18:46', 64, 0),
(428, 'Notpayed', '2021-09-14 11:19:27', 64, 0),
(429, 'Notpayed', '2021-09-14 11:19:38', 64, 0),
(430, 'Notpayed', '2021-09-14 11:20:36', 64, 0),
(431, 'Notpayed', '2021-09-14 11:21:47', 64, 0),
(432, 'Notpayed', '2021-09-14 11:23:05', 64, 0),
(433, 'Notpayed', '2021-09-15 04:09:48', 64, 0),
(434, 'Notpayed', '2021-09-15 04:40:21', 64, 0),
(435, 'Notpayed', '2021-09-15 04:43:36', 64, 0),
(436, 'Notpayed', '2021-09-15 04:44:04', 64, 0),
(437, 'Notpayed', '2021-09-15 04:44:18', 64, 0),
(438, 'Notpayed', '2021-09-15 04:45:05', 64, 0),
(439, 'Notpayed', '2021-09-15 05:21:01', 64, 0),
(440, 'Notpayed', '2021-09-15 05:30:00', 64, 0),
(441, 'Notpayed', '2021-09-15 05:42:20', 64, 0),
(442, 'Notpayed', '2021-09-15 05:43:18', 64, 0),
(443, 'Notpayed', '2021-09-15 05:47:37', 64, 0),
(444, 'Notpayed', '2021-09-15 05:49:23', 64, 0),
(445, 'Notpayed', '2021-09-15 05:52:42', 64, 0),
(446, 'Notpayed', '2021-09-15 05:55:07', 64, 0),
(447, 'Notpayed', '2021-09-15 06:05:54', 64, 0),
(448, 'Notpayed', '2021-09-15 06:07:44', 64, 0),
(449, 'Notpayed', '2021-09-15 06:09:15', 64, 0),
(450, 'Notpayed', '2021-09-15 06:11:23', 64, 0),
(451, 'Notpayed', '2021-09-15 06:14:21', 64, 0),
(452, 'Notpayed', '2021-09-15 06:15:33', 64, 0),
(453, 'Notpayed', '2021-09-15 06:17:43', 64, 0),
(454, 'Notpayed', '2021-09-15 06:18:19', 64, 0),
(455, 'Notpayed', '2021-09-15 06:35:43', 64, 0),
(456, 'Notpayed', '2021-09-15 06:36:22', 64, 0),
(457, 'Notpayed', '2021-09-15 06:36:37', 64, 0),
(458, 'Notpayed', '2021-09-15 06:39:41', 64, 0),
(459, 'Notpayed', '2021-09-15 06:39:59', 64, 0),
(460, 'Notpayed', '2021-09-15 06:40:04', 64, 0),
(461, 'Notpayed', '2021-09-15 06:40:17', 64, 0),
(462, 'Notpayed', '2021-09-15 06:41:00', 64, 0),
(463, 'Notpayed', '2021-09-16 02:28:41', 64, 0),
(464, 'Notpayed', '2021-09-16 04:22:24', 64, 0),
(465, 'Notpayed', '2021-09-16 08:25:06', 64, 0),
(466, 'Notpayed', '2021-09-16 08:25:43', 64, 0),
(467, 'Notpayed', '2021-09-16 08:46:53', 64, 0),
(468, 'Notpayed', '2021-09-16 08:48:01', 64, 30);

-- --------------------------------------------------------

--
-- Table structure for table `orderitem`
--

DROP TABLE IF EXISTS `orderitem`;
CREATE TABLE IF NOT EXISTS `orderitem` (
  `orderitem_ID` int(30) NOT NULL AUTO_INCREMENT,
  `productID` int(11) NOT NULL,
  `productname` varchar(30) NOT NULL,
  `price` int(30) NOT NULL,
  `size` varchar(3) DEFAULT NULL,
  `orderID` int(11) NOT NULL,
  `image` varchar(100) NOT NULL,
  PRIMARY KEY (`orderitem_ID`),
  KEY `orderID` (`orderID`),
  KEY `F_ID` (`productID`)
) ENGINE=InnoDB AUTO_INCREMENT=910 DEFAULT CHARSET=utf8;

--
-- Dumping data for table `orderitem`
--

INSERT INTO `orderitem` (`orderitem_ID`, `productID`, `productname`, `price`, `size`, `orderID`, `image`) VALUES
(729, 1, 'coolcoolshirt', 10, 'S', 390, 'TShirt'),
(730, 1, 'coolcoolshirt', 10, 'S', 390, 'TShirt'),
(731, 1, 'coolcoolshirt', 10, 'S', 390, 'TShirt'),
(732, 1, 'coolcoolshirt', 10, 'S', 403, 'TShirt'),
(733, 1, 'coolcoolshirt', 10, 'S', 403, 'TShirt'),
(734, 1, 'coolcoolshirt', 10, 'S', 404, 'TShirt'),
(735, 1, 'coolcoolshirt', 10, 'S', 405, 'TShirt'),
(736, 1, 'coolcoolshirt', 10, 'S', 405, 'TShirt'),
(737, 1, 'coolcoolshirt', 10, 'S', 405, 'TShirt'),
(738, 1, 'coolcoolshirt', 10, 'S', 405, 'TShirt'),
(739, 1, 'coolcoolshirt', 10, 'S', 406, 'TShirt'),
(740, 1, 'coolcoolshirt', 10, 'S', 407, 'TShirt'),
(741, 1, 'coolcoolshirt', 10, 'S', 409, 'TShirt'),
(742, 1, 'coolcoolshirt', 10, 'S', 409, 'TShirt'),
(743, 1, 'coolcoolshirt', 10, 'S', 409, 'TShirt'),
(744, 1, 'coolcoolshirt', 10, 'S', 409, 'TShirt'),
(745, 1, 'coolcoolshirt', 10, 'S', 409, 'TShirt'),
(746, 1, 'coolcoolshirt', 10, 'S', 410, 'TShirt'),
(747, 1, 'coolcoolshirt', 10, 'S', 410, 'TShirt'),
(748, 1, 'coolcoolshirt', 10, 'S', 410, 'TShirt'),
(749, 1, 'coolcoolshirt', 10, 'S', 410, 'TShirt'),
(750, 1, 'coolcoolshirt', 10, 'S', 410, 'TShirt'),
(751, 1, 'coolcoolshirt', 10, 'S', 410, 'TShirt'),
(752, 1, 'coolcoolshirt', 10, 'S', 410, 'TShirt'),
(753, 1, 'coolcoolshirt', 10, 'S', 410, 'TShirt'),
(754, 1, 'coolcoolshirt', 10, 'S', 410, 'TShirt'),
(755, 1, 'coolcoolshirt', 10, 'S', 412, 'TShirt'),
(756, 1, 'coolcoolshirt', 10, 'S', 413, 'TShirt'),
(757, 1, 'coolcoolshirt', 10, 'S', 413, 'TShirt'),
(758, 1, 'coolcoolshirt', 10, 'S', 413, 'TShirt'),
(759, 1, 'coolcoolshirt', 10, 'S', 414, 'TShirt'),
(760, 1, 'coolcoolshirt', 10, 'S', 414, 'TShirt'),
(761, 1, 'coolcoolshirt', 10, 'S', 414, 'TShirt'),
(762, 1, 'coolcoolshirt', 10, 'S', 414, 'TShirt'),
(763, 1, 'coolcoolshirt', 10, 'S', 414, 'TShirt'),
(764, 1, 'coolcoolshirt', 10, 'S', 414, 'TShirt'),
(765, 1, 'coolcoolshirt', 10, 'S', 414, 'TShirt'),
(766, 1, 'coolcoolshirt', 10, 'S', 415, 'TShirt'),
(767, 1, 'coolcoolshirt', 10, 'S', 415, 'TShirt'),
(768, 1, 'coolcoolshirt', 10, 'S', 416, 'TShirt'),
(769, 1, 'coolcoolshirt', 10, 'S', 416, 'TShirt'),
(770, 1, 'coolcoolshirt', 10, 'S', 417, 'TShirt'),
(771, 1, 'coolcoolshirt', 10, 'S', 417, 'TShirt'),
(772, 1, 'coolcoolshirt', 10, 'S', 417, 'TShirt'),
(773, 1, 'coolcoolshirt', 10, 'S', 417, 'TShirt'),
(774, 1, 'coolcoolshirt', 10, 'S', 417, 'TShirt'),
(775, 1, 'coolcoolshirt', 10, 'S', 417, 'TShirt'),
(776, 1, 'coolcoolshirt', 10, 'S', 417, 'TShirt'),
(777, 1, 'coolcoolshirt', 10, 'S', 417, 'TShirt'),
(778, 1, 'coolcoolshirt', 10, 'S', 417, 'TShirt'),
(779, 1, 'coolcoolshirt', 10, 'S', 418, 'TShirt'),
(780, 1, 'coolcoolshirt', 10, 'S', 418, 'TShirt'),
(781, 1, 'coolcoolshirt', 10, 'S', 418, 'TShirt'),
(782, 1, 'coolcoolshirt', 10, 'S', 418, 'TShirt'),
(783, 1, 'coolcoolshirt', 10, 'S', 418, 'TShirt'),
(784, 1, 'coolcoolshirt', 10, 'S', 419, 'TShirt'),
(785, 1, 'coolcoolshirt', 10, 'S', 419, 'TShirt'),
(786, 1, 'coolcoolshirt', 10, 'S', 419, 'TShirt'),
(787, 1, 'coolcoolshirt', 10, 'S', 419, 'TShirt'),
(788, 1, 'coolcoolshirt', 10, 'S', 419, 'TShirt'),
(789, 1, 'coolcoolshirt', 10, 'S', 419, 'TShirt'),
(790, 1, 'coolcoolshirt', 10, 'S', 419, 'TShirt'),
(791, 1, 'coolcoolshirt', 10, 'S', 420, 'TShirt'),
(792, 1, 'coolcoolshirt', 10, 'S', 420, 'TShirt'),
(793, 1, 'coolcoolshirt', 10, 'S', 420, 'TShirt'),
(794, 1, 'coolcoolshirt', 10, 'S', 420, 'TShirt'),
(795, 1, 'coolcoolshirt', 10, 'S', 420, 'TShirt'),
(796, 1, 'coolcoolshirt', 10, 'S', 421, 'TShirt'),
(797, 1, 'coolcoolshirt', 10, 'S', 421, 'TShirt'),
(798, 1, 'coolcoolshirt', 10, 'S', 421, 'TShirt'),
(799, 1, 'coolcoolshirt', 10, 'S', 421, 'TShirt'),
(800, 1, 'coolcoolshirt', 10, 'S', 421, 'TShirt'),
(801, 1, 'coolcoolshirt', 10, 'S', 421, 'TShirt'),
(802, 1, 'coolcoolshirt', 10, 'S', 421, 'TShirt'),
(803, 1, 'coolcoolshirt', 10, 'S', 421, 'TShirt'),
(804, 1, 'coolcoolshirt', 10, 'S', 421, 'TShirt'),
(805, 1, 'coolcoolshirt', 10, 'S', 421, 'TShirt'),
(806, 1, 'coolcoolshirt', 10, 'S', 421, 'TShirt'),
(807, 1, 'coolcoolshirt', 10, 'S', 421, 'TShirt'),
(808, 1, 'coolcoolshirt', 10, 'S', 421, 'TShirt'),
(809, 1, 'coolcoolshirt', 10, 'S', 421, 'TShirt'),
(810, 1, 'coolcoolshirt', 10, 'S', 422, 'TShirt'),
(811, 1, 'coolcoolshirt', 10, 'S', 422, 'TShirt'),
(812, 1, 'coolcoolshirt', 10, 'S', 422, 'TShirt'),
(813, 1, 'coolcoolshirt', 10, 'S', 422, 'TShirt'),
(814, 1, 'coolcoolshirt', 10, 'S', 422, 'TShirt'),
(815, 1, 'coolcoolshirt', 10, 'S', 422, 'TShirt'),
(816, 1, 'coolcoolshirt', 10, 'S', 423, 'TShirt'),
(817, 1, 'coolcoolshirt', 10, 'S', 424, 'TShirt'),
(818, 1, 'coolcoolshirt', 10, 'S', 425, 'TShirt'),
(819, 1, 'coolcoolshirt', 10, 'S', 426, 'TShirt'),
(820, 1, 'coolcoolshirt', 10, 'S', 426, 'TShirt'),
(821, 1, 'coolcoolshirt', 10, 'S', 426, 'TShirt'),
(822, 1, 'coolcoolshirt', 10, 'S', 427, 'TShirt'),
(823, 1, 'coolcoolshirt', 10, 'S', 427, 'TShirt'),
(824, 1, 'coolcoolshirt', 10, 'S', 428, 'TShirt'),
(825, 1, 'coolcoolshirt', 10, 'S', 429, 'TShirt'),
(826, 1, 'coolcoolshirt', 10, 'S', 430, 'TShirt'),
(827, 1, 'coolcoolshirt', 10, 'S', 430, 'TShirt'),
(828, 1, 'coolcoolshirt', 10, 'S', 431, 'TShirt'),
(829, 1, 'coolcoolshirt', 10, 'S', 431, 'TShirt'),
(830, 1, 'coolcoolshirt', 10, 'S', 431, 'TShirt'),
(831, 1, 'coolcoolshirt', 10, 'S', 431, 'TShirt'),
(832, 1, 'coolcoolshirt', 10, 'S', 431, 'TShirt'),
(833, 1, 'coolcoolshirt', 10, 'S', 431, 'TShirt'),
(834, 1, 'coolcoolshirt', 10, 'S', 431, 'TShirt'),
(835, 1, 'coolcoolshirt', 10, 'S', 431, 'TShirt'),
(836, 1, 'coolcoolshirt', 10, 'S', 432, 'TShirt'),
(837, 1, 'coolcoolshirt', 10, 'S', 432, 'TShirt'),
(838, 1, 'coolcoolshirt', 10, 'S', 432, 'TShirt'),
(839, 1, 'coolcoolshirt', 10, 'S', 433, 'TShirt'),
(840, 1, 'coolcoolshirt', 10, 'S', 434, 'TShirt'),
(841, 1, 'coolcoolshirt', 10, 'S', 435, 'TShirt'),
(842, 1, 'coolcoolshirt', 10, 'S', 436, 'TShirt'),
(843, 1, 'coolcoolshirt', 10, 'S', 437, 'TShirt'),
(844, 1, 'coolcoolshirt', 10, 'S', 438, 'TShirt'),
(850, 170, 'D', 10, NULL, 344, '11'),
(857, 1, 'coolcoolshirt', 10, 'S', 444, 'TShirt'),
(858, 1, 'coolcoolshirt', 10, 'S', 444, 'TShirt'),
(877, 1, 'coolcoolshirt', 10, 'S', 447, 'TShirt'),
(878, 1, 'coolcoolshirt', 10, 'S', 448, 'TShirt'),
(888, 172, 'neckless', 10, NULL, 457, 'neckless'),
(889, 172, 'neckless', 10, NULL, 457, 'neckless'),
(890, 172, 'neckless', 10, NULL, 457, 'neckless'),
(891, 171, 'womenshirt', 20, 'S', 457, 'womenshirt'),
(892, 2, 'pants', 20, 'S', 458, 'pants'),
(893, 172, 'neckless', 10, NULL, 458, 'neckless'),
(894, 1, 'coolcoolshirt', 10, 'S', 462, 'TShirt'),
(895, 172, 'neckless', 10, NULL, 462, 'neckless'),
(896, 171, 'womenshirt', 20, 'S', 462, 'womenshirt'),
(897, 1, 'coolcoolshirt', 10, 'S', 463, 'TShirt'),
(898, 1, 'coolcoolshirt', 10, 'S', 466, 'TShirt'),
(899, 2, 'pants', 20, 'S', 466, 'pants'),
(900, 1, 'coolcoolshirt', 10, 'S', 466, 'TShirt'),
(902, 1, 'coolcoolshirt', 10, 'S', 467, 'TShirt'),
(903, 1, 'coolcoolshirt', 10, 'S', 467, 'TShirt'),
(904, 1, 'coolcoolshirt', 10, 'S', 467, 'TShirt'),
(905, 1, 'coolcoolshirt', 10, 'S', 467, 'TShirt'),
(906, 1, 'coolcoolshirt', 10, 'S', 467, 'TShirt'),
(908, 171, 'womenshirt', 20, 'S', 468, 'womenshirt'),
(909, 172, 'necklace', 10, NULL, 468, 'necklace');

-- --------------------------------------------------------

--
-- Table structure for table `products`
--

DROP TABLE IF EXISTS `products`;
CREATE TABLE IF NOT EXISTS `products` (
  `productID` int(11) NOT NULL AUTO_INCREMENT,
  `productname` varchar(30) NOT NULL,
  `price` int(10) NOT NULL,
  `types` varchar(10) NOT NULL,
  `image` varchar(100) NOT NULL,
  PRIMARY KEY (`productID`) USING BTREE
) ENGINE=InnoDB AUTO_INCREMENT=173 DEFAULT CHARSET=utf8;

--
-- Dumping data for table `products`
--

INSERT INTO `products` (`productID`, `productname`, `price`, `types`, `image`) VALUES
(1, 'coolcoolshirt', 10, 'men', 'TShirt'),
(2, 'pants', 20, 'men', 'pants'),
(170, 'jacket', 10, 'men', 'jacket'),
(171, 'womenshirt', 20, 'women', 'womenshirt'),
(172, 'necklace', 10, 'other', 'necklace');

--
-- Constraints for dumped tables
--

--
-- Constraints for table `logtable`
--
ALTER TABLE `logtable`
  ADD CONSTRAINT `logtable_ibfk_1` FOREIGN KEY (`CustomerID`) REFERENCES `customer` (`CustomerID`);

--
-- Constraints for table `orderform`
--
ALTER TABLE `orderform`
  ADD CONSTRAINT `orderform_ibfk_1` FOREIGN KEY (`CustomerID`) REFERENCES `customer` (`CustomerID`);

--
-- Constraints for table `orderitem`
--
ALTER TABLE `orderitem`
  ADD CONSTRAINT `orderitem_ibfk_2` FOREIGN KEY (`orderID`) REFERENCES `orderform` (`orderID`),
  ADD CONSTRAINT `orderitem_ibfk_3` FOREIGN KEY (`productID`) REFERENCES `products` (`productID`);
COMMIT;

/*!40101 SET CHARACTER_SET_CLIENT=@OLD_CHARACTER_SET_CLIENT */;
/*!40101 SET CHARACTER_SET_RESULTS=@OLD_CHARACTER_SET_RESULTS */;
/*!40101 SET COLLATION_CONNECTION=@OLD_COLLATION_CONNECTION */;
